source,title
thetimes.co.uk,Our rudeness to European allies is shameful
thetimes.co.uk,Chelsea could lose £7 million as Real Madrid reject Antonio Conte after sacking Julen Lopetegui
thetimes.co.uk,Can the jailed militant Marwan Barghouti unite the Palestinians from behind bars?
thetimes.co.uk,"Brexit deal would not rule out cuts, economists warn"
thetimes.co.uk,Budget 2018: Hammond’s budget dodged the big decision
thetimes.co.uk,"Exhibition review: Klimt/Schiele Drawings from the Albertina Museum, Vienna, at the Royal Academy, W1"
thetimes.co.uk,15th package by ‘bomber’ is intercepted
thetimes.co.uk,World Cup bolters: Blade Thomson – Scotland’s lightning-fast former junior All Black
thetimes.co.uk,Budget 2018: Hammond targets tech giants with a digital profits tax
thetimes.co.uk,"Meghan’s nephew, the marijuana farmer and TV star"
thetimes.co.uk,Paddy Power takes gamble on buyback
thetimes.co.uk,Budget 2018: An end to austerity? Don’t crack open the champagne just yet
thetimes.co.uk,Wall Street gains wiped out by fears of trade war
thetimes.co.uk,Beijing prepares to build its first airbase in Antarctica
thetimes.co.uk,Budget 2018 Q&A: Why is Philip Hammond getting tough on tech giants?
thetimes.co.uk,American super-rich spend more on security
thetimes.co.uk,Budget 2018: ‘The chancellor spoke of a jobs miracle. No sign of that here’
thetimes.co.uk,"Budget: £1bn extra for Scotland is just a drop, say chancellor’s critics"
thetimes.co.uk,Dirty laundry operation left a stain on IRA chief’s conscience
thetimes.co.uk,"Robert Crampton: I’ve been married 20 years too, Jamie Oliver, but I’d hate to renew my vows"
thetimes.co.uk,China lifts ban on rhino and tiger ‘remedies’
thetimes.co.uk,Budget 2018: Balancing act topples all opponents
thetimes.co.uk,Budget 2018: Brexit preparations will cost at least £4.2bn amid no-deal fears
thetimes.co.uk,Budget 2018: Carillion fiasco puts final nail in PFI coffin
thetimes.co.uk,Budget 2018: Children can get premium bonds from wider family
thetimes.co.uk,Sam’s joins club with no checkouts
thetimes.co.uk,Donohoe doubled betting tax to ‘cut social cost of gambling’
thetimes.co.uk,Budget 2018: Freelancers fear they’ll bear brunt of payroll purge
thetimes.co.uk,Doctors must not let down patients in need of cannabis
thetimes.co.uk,"If you kill off Apu, why not the whole cast?"
thetimes.co.uk,Danny Drinkwater: it’s hard to accept I’ll never see Vichai again
thetimes.co.uk,Critics have field day over Martin Amis flop London Fields
thetimes.co.uk,Vehicles kept off road require insurance
thetimes.co.uk,Three ways to protect your eyesight
thetimes.co.uk,Budget 2018: Fiscal Phil plays trick or treat
thetimes.co.uk,Dogs detect malaria by sniffing children’s socks
thetimes.co.uk,"Radio review: Beyond Today, Radio 4 podcast"
thetimes.co.uk,Pharma industry glowing with health
thetimes.co.uk,Review: Blueprint: How DNA Makes Us Who We Are by Robert Plomin — why nature always trumps nurture
thetimes.co.uk,Budget 2018: how much tax will you pay?
thetimes.co.uk,Best Law Firms 2019
thetimes.co.uk,Humans to blame as 60% of world’s wildlife is lost
thetimes.co.uk,Whisky industry toasts duty freeze
thetimes.co.uk,Safe bet for playing the long game
thetimes.co.uk,Pittsburgh synagogue attack: Rabbi Jeffrey Myers tells of fight to save worshippers
thetimes.co.uk,Budget 2018: Pubs in high spirits after beer gets a wanted boost
thetimes.co.uk,Budget 2018: Taxman will be at front of queue when firms go bust
thetimes.co.uk,Playing a Fast One
thetimes.co.uk,Budget 2018: Chancellors will face tougher choices in the years ahead
thetimes.co.uk,Services matter as much as goods for life after Brexit
thetimes.co.uk,Jim Torbett trial told: sex abusers in authority ‘find it easier’
thetimes.co.uk,Afren chiefs jailed over £35m fraud
thetimes.co.uk,Treasury set to sell final holding in RBS by 2024
thetimes.co.uk,Will Carling given mentor role with England
thetimes.co.uk,Most women in direct provision to pay for tampons
thetimes.co.uk,Budget 2018: A disappointing lack of attention to our sluggish growth
thetimes.co.uk,New Boeing 737 crashes into sea off Jakarta with 189 on board
thetimes.co.uk,Duterte puts customs into hands of the Philippines armed forces
thetimes.co.uk,Olivier Ntcham: Celtic’s win over Hearts is clear message to title rivals
thetimes.co.uk,Budget 2018: Part owners to enjoy tax break too
thetimes.co.uk,Builder could be sued for school assessment costs
thetimes.co.uk,Fortunate Phil
thetimes.co.uk,Decline in Hepatitis B cases is over
thetimes.co.uk,Shock and disbelief in Bangkok at death of ‘generous role model’ Vichai Srivaddhanaprabha
thetimes.co.uk,Hatred of the Jews unites far right and left
thetimes.co.uk,No arrests for breaking abortion law in North despite crackdown
thetimes.co.uk,Model railway back on track after farmer’s €1.5m bequest
thetimes.co.uk,Car finance slowdown as borrowers hit brakes
thetimes.co.uk,Budget 2018: Allowances provide relief for bosses looking to invest
thetimes.co.uk,"Very sorry to be leaving, missing you already"
thetimes.co.uk,Travellers ‘fall through gaps’ in education
thetimes.co.uk,Lawful to restrict HMO licence to occupation only by students
thetimes.co.uk,Bossa Nova
thetimes.co.uk,One in ten may opt out of donating organs
thetimes.co.uk,Health chiefs rebuked over unpublished clinical trials
thetimes.co.uk,The super-rich and the definition of worth
thetimes.co.uk,Greencoat has wind in its sails with farm deal
thetimes.co.uk,Roger Mainwood obituary
thetimes.co.uk,Deportation row as officials fail to carry out 80% of removals
thetimes.co.uk,Music festival jazzes up the streets of Cork
thetimes.co.uk,"Egypt prisoners need support, says Halawa"
thetimes.co.uk,House price growth is set to slow
thetimes.co.uk,"John Bercow given £13,000 of sports tickets"
thetimes.co.uk,Chicago stage offers fringe men opportunity to impress
thetimes.co.uk,Indian Railways plans £8bn rail link to the Himalayas
thetimes.co.uk,Angela Merkel sets date to quit after election drubbing
thetimes.co.uk,"My solution to being too old, male and white"
thetimes.co.uk,Terms and conditions
thetimes.co.uk,Philip Hammond gains budget boost from an unexpected windfall
thetimes.co.uk,My floating palace is bigger than yours
thetimes.co.uk,"Shot cyclist Marc Sutton was not a rapist, insist his partner and father"
thetimes.co.uk,"The Magazine Interview: Rose McGowan, the actress who exposed Harvey Weinstein, on why Hollywood’s approach to #MeToo is a lie"
thetimes.co.uk,Jean Todt: I see Michael Schumacher twice a month – I love him
thetimes.co.uk,Zulu king backs Afrikaners in fight against Cyril Ramaphosa’s land grab
thetimes.co.uk,Sales manager punched by boss after party set for £1m damages
thetimes.co.uk,Michael Gove’s hot tip: hunt for gold in others’ rubbish
thetimes.co.uk,UK teenagers targeted by Russia trolls
thetimes.co.uk,Paul Allen death: Bill Gates ‘heartbroken’ by death of Microsoft co-founder at 65
thetimes.co.uk,US activist Greenlight Capital has eye on BT split with Openreach
thetimes.co.uk,What to do in Ireland this week: from The Lost Warhols to Tom Odell
