source,title
mediaite.com,MSNBC's Ali Velshi & Stephanie Ruhle Lambast Kanye West For 'Bonkers' Oval Office Comments: 'That Was An Assault on Our White House'
mediaite.com,Martha MacCallum: Anyone Who Considers Fox News 'State TV' is 'Clearly Not Watching
mediaite.com,"Trump Supporters Criticize #MeToo: Women Should 'Cross Their Legs, Quit Acting Like They Want Something'"
mediaite.com,BREAKING: Trump Legal Team Reportedly Preparing Answers to Written Questions From Mueller
mediaite.com,WATCH: State Department Spox Heather Nauert Gets Testy With Reporters Over Missing Journalist
mediaite.com,S.E. Cupp on Kanye West's Surreal Meeting With Trump: 'That Was Really Sad'
mediaite.com,Kanye's Summit With Trump Triggers Social Media Eruption: 'Wildest Oval Office Event I've Ever Seen'
mediaite.com,Kanye West Complains Hillary Clinton's Campaign Slogan Made Him Feel Less Manly
mediaite.com,Steve Carrell Says Office Reboot Wouldn't Fly Today: 'The Climate's Different'
mediaite.com,"John Cameron-Rice, Son of Ex-NSA Susan Rice, Claims He Was Physical Assaulted During Pro-Kavanaugh Rally"
mediaite.com,Avenatti Predicts Trump Jr. Will Be Indicted This Year | Law & Crime
mediaite.com,Christine Quinn Blasts Nan Hayworth For Invoking Her Genderqueer Son in MSNBC Debate: 'You're a Sham!'
mediaite.com,"CNN's Brooke Baldwin, Don Lemon Now Defending and Normalizing the Left's Mob Behavior"
mediaite.com,"Mediaite.com | News & Opinion | Media: TV, Print, Online, Jobs, Ranking - Part 2"
mediaite.com,"Eric Holder Rejects Michelle Obama's Slogan: 'When They Go Low, We Kick 'Em'"
mediaite.com,Man on Fox & Friends Says Dems Want to Cause 'Anarchy and Create Another Civil War'
mediaite.com,"Joe Scarborough: 'If My Theory Holds, Donald Trump Won't Seek Reelection'"
mediaite.com,Kristen Powers Zaps Martha MacCallum Over Kavanaugh: 'Sympathetic Interviewer'
mediaite.com,The View Tussles Over Martha MacCallum's Kavanaugh Interview on Fox News: It Was a 'Real Softball'
mediaite.com,US Intercepts Reportedly Show Saudi Crown Prince Ordered Operation to Lure Jamal Khashoggi Back and Detain Him
mediaite.com,"SNL's Pete Davidson Rips Kanye West's Pro-Trump Rant, Dons 'Make Kanye 2006 Again' Hat"
mediaite.com,"Melania Trump: If You Make a Sexual Misconduct Claim, You Need to 'Show the Evidence'"
mediaite.com,Fox's Dagen McDowell: Hillary Clinton's Civility Comment is 'Dog Whistle as a Call to Arms'
mediaite.com,Report: U.S. Knew of Plan to Capture Jamal Khashoggi | Law & Crime
mediaite.com,Fox News Turns to Rampant Fear Mongering in Run Up to Midterm Elections
mediaite.com,Scarborough: 'Snowflake' Mitch McConnell Must Be Shocked at Trump Rally's 'Angry Mob'
mediaite.com,"Don Lemon: Those Harassing Cruz Weren't a 'Mob,' Just 'People Who Are Upset'"
mediaite.com,WATCH: Brooke Baldwin Clashes With CNN Commentator Matt Lewis for Calling Ted Cruz Restaurant Protesters a 'Mob'
mediaite.com,Jamal Khashoggi's Fianc√©e Appeals to Trump in Op-Ed: 'Help Shed Light' on His Disappearance
mediaite.com,Billy Eichner Encourages Young People to Vote at the AMAs: 'The Biggest Election of Our Lifetime Is Happening'
mediaite.com,Michael Avenatti Challenges Donald Trump Jr. to a Charity MMA Fight
mediaite.com,Trump Gives Multiple Fox News Hosts a Shoutout at Iowa Rally: 'Do We Like Tucker?'
mediaite.com,CNN's Toobin: Democrats 'Pathetic' to Worry About Hillary Clinton Motivating GOP Base
mediaite.com,"Dear Jack Dorsey: Yes Twitter Is Biased, But Your Bigger Problem Is Lack of Transparency"
mediaite.com,Brian Kilmeade and Tammy Bruce Say Betsy DeVos' Yacht Being Set Adrift Shows 'The Violence is Upon Us
mediaite.com,"Americans Trapped in Hotel As Riots, Violence Erupt on Streets of Haiti"
mediaite.com,"Morning Joe Plays Montage of Trump Incitements, Calls Supporters 'Precious Snowflakes' Over Waters"
mediaite.com,Alt-Right Protesters Tell Mediaite Why They Marched: 'A Step Toward GOP Becoming Party for Whites'
mediaite.com,Protest at Middlebury College Over Charles Murray Event Turns Violent
mediaite.com,Watch this Jaw-Dropping Video of Fans Launching Flares at Each Other During Soccer Match
mediaite.com,"Man Invades University of Colorado Football Complex With Machete, is Shot and Killed by Police"
mediaite.com,"Limbaugh: If Trump Wins, Liberals Will Kick Off 'Levels of Violence That We Have Not Seen'"
mediaite.com,"Violence Breaks Out at White Supremacist Rally in Sacramento, Multiple People Stabbed"
mediaite.com,The Young Turks Pressure News Outlets to Retract Claims of 'Violence' at Nevada DNC Convention
mediaite.com,Sanders Issues Statement on Nevada: 'Nonsense' to Say Campaign Has 'Penchant for Violence'
mediaite.com,Trump on Violent Protesters: 'These People Have to Be Dealt With Very Strongly'
mediaite.com,"Mitch McConnell: I Spoke to Trump, Asked Him to Condemn Rally Violence"
mediaite.com,"Todd Starnes Blames Obama for Trump Rally Unrest: 'What About Ferguson, Baltimore?'"
mediaite.com,Carson Blames Liberal Protesters for Trump Rally Violence; Their Tactics Could Cause 'Escalation'
mediaite.com,Sanders: Trump Absolutely Lying to Say My Campaign's Egging on Protests
mediaite.com,"'You're a Leader, Sir!' Tapper Grills Trump Over 'Encouraging' Rally Violence"
mediaite.com,Omarosa on Violence at Trump Rallies: 'You Get What's Coming to You'
mediaite.com,Trump Brushes Off Rally Violence at Debate: 'I Certainly Don't Condone That'
mediaite.com,MSNBC's Kerry Sanders Addresses Michelle Fields Shake-Up in Segment on Trump Rally Violence
mediaite.com,"Violence Spikes in Baltimore; 29 Shot, 9 Dead Just Over the Weekend Holiday (UPDATED)"
